{"rx": 0.369792, "ry": 0.534144}